FRAME,LOWER BODY,UPPER BODY,PCJ
1,3,4,0.583333333
2,3,4,0.583333333
3,3,4,0.583333333
4,3,5,0.666666667
5,4,5,0.75
6,4,4,0.666666667
7,3,5,0.666666667
8,4,4,0.666666667
9,4,3,0.583333333
10,3,3,0.5
11,3,5,0.666666667
12,3,4,0.583333333
13,3,4,0.583333333
14,3,4,0.583333333
15,3,4,0.583333333
16,2,1,0.25
17,3,4,0.583333333
18,2,3,0.4166666670000001
19,4,1,0.4166666670000001
20,2,0,0.166666667
21,3,3,0.5
22,3,3,0.5
23,3,1,0.333333333
24,4,3,0.583333333
25,4,3,0.583333333
26,4,3,0.583333333
27,4,2,0.5
28,4,2,0.5
29,4,3,0.583333333
30,4,4,0.666666667
31,4,2,0.5
32,4,1,0.4166666670000001
33,4,3,0.583333333
34,0,0,0.0
35,4,1,0.4166666670000001
36,4,1,0.4166666670000001
37,2,1,0.25
38,5,3,0.666666667
39,2,0,0.166666667
40,5,2,0.583333333
41,6,1,0.583333333
42,6,3,0.75
43,5,3,0.666666667
44,5,2,0.583333333
45,5,2,0.583333333
46,5,1,0.5
47,6,2,0.666666667
48,6,2,0.666666667
49,2,0,0.166666667
50,3,1,0.333333333
51,3,0,0.25
52,3,1,0.333333333
53,4,0,0.333333333
54,3,1,0.333333333
55,6,2,0.666666667
56,6,1,0.583333333
57,0,0,0.0
58,6,1,0.583333333
59,6,1,0.583333333
60,6,0,0.5
61,6,2,0.666666667
62,6,2,0.666666667
63,6,2,0.666666667
64,5,2,0.583333333
65,5,2,0.583333333
66,4,3,0.583333333
67,4,4,0.666666667
68,4,3,0.583333333
